-- --------------------------------------------------------
-- 호스트:                          52.78.47.161
-- 서버 버전:                        10.1.48-MariaDB-0ubuntu0.18.04.1 - Ubuntu 18.04
-- 서버 OS:                        debian-linux-gnu
-- HeidiSQL 버전:                  12.3.0.6589
-- --------------------------------------------------------

/*!40101 SET @OLD_CHARACTER_SET_CLIENT=@@CHARACTER_SET_CLIENT */;
/*!40101 SET NAMES utf8 */;
/*!50503 SET NAMES utf8mb4 */;
/*!40103 SET @OLD_TIME_ZONE=@@TIME_ZONE */;
/*!40103 SET TIME_ZONE='+00:00' */;
/*!40014 SET @OLD_FOREIGN_KEY_CHECKS=@@FOREIGN_KEY_CHECKS, FOREIGN_KEY_CHECKS=0 */;
/*!40101 SET @OLD_SQL_MODE=@@SQL_MODE, SQL_MODE='NO_AUTO_VALUE_ON_ZERO' */;
/*!40111 SET @OLD_SQL_NOTES=@@SQL_NOTES, SQL_NOTES=0 */;


-- userboard 데이터베이스 구조 내보내기
CREATE DATABASE IF NOT EXISTS `userboard` /*!40100 DEFAULT CHARACTER SET utf8 */;
USE `userboard`;

-- 테이블 userboard.board 구조 내보내기
CREATE TABLE IF NOT EXISTS `board` (
  `board_no` int(11) NOT NULL AUTO_INCREMENT,
  `local_name` varchar(50) NOT NULL,
  `board_title` varchar(200) NOT NULL,
  `board_content` text NOT NULL,
  `member_id` varchar(50) NOT NULL,
  `createdate` datetime NOT NULL,
  `updatedate` datetime NOT NULL,
  PRIMARY KEY (`board_no`),
  KEY `FK__local` (`local_name`),
  KEY `FK__member` (`member_id`),
  CONSTRAINT `FK__local` FOREIGN KEY (`local_name`) REFERENCES `local` (`local_name`) ON DELETE CASCADE ON UPDATE CASCADE,
  CONSTRAINT `FK__member` FOREIGN KEY (`member_id`) REFERENCES `member` (`member_id`) ON DELETE CASCADE ON UPDATE CASCADE
) ENGINE=InnoDB AUTO_INCREMENT=101 DEFAULT CHARSET=utf8;

-- 테이블 데이터 userboard.board:~80 rows (대략적) 내보내기
DELETE FROM `board`;
INSERT INTO `board` (`board_no`, `local_name`, `board_title`, `board_content`, `member_id`, `createdate`, `updatedate`) VALUES
	(1, '경리단길', '경리단길에서의 특별한 하루 - 5', '경리단길을 거닐며 느꼈던 것 - 3', 'admin', '2023-09-27 00:00:00', '2023-10-24 00:00:00'),
	(2, '경복궁', '경복궁 여행 후기 - 8', '경복궁을 여행하며 느낀 감상 - 1', 'admin', '2023-09-11 00:00:00', '2023-09-11 00:00:00'),
	(3, '광장시장', '광장시장 구경기 - 8', '광장시장에서 맛있는 음식을 먹고 - 10', 'admin', '2023-09-21 00:00:00', '2023-09-11 00:00:00'),
	(4, '남산 서울타워', '남산 서울타워에서 느낀 점 - 2', '남산 서울타워에서 바라본 도시 - 2', 'admin', '2023-10-21 00:00:00', '2023-10-14 00:00:00'),
	(5, '명동', '명동 쇼핑 일기 - 2', '명동에서의 쇼핑과 거리 느낌 - 3', 'admin', '2023-09-07 00:00:00', '2023-09-20 00:00:00'),
	(6, '북촌 한옥마을', '북촌 한옥마을 방문 일지 - 1', '북촌 한옥마을을 돌아다니며 느낀 점 - 4', 'admin', '2023-09-20 00:00:00', '2023-10-07 00:00:00'),
	(7, '인사동', '인사동 산책 후기 - 5', '인사동의 분위기를 즐기며 - 3', 'admin', '2023-09-08 00:00:00', '2023-10-18 00:00:00'),
	(8, '창덕궁', '창덕궁 관람 리뷰 - 1', '창덕궁을 둘러보고 느낀 생각 - 5', 'admin', '2023-10-03 00:00:00', '2023-09-23 00:00:00'),
	(9, '청계천', '청계천을 따라 걷다 - 9', '청계천을 따라 산책하며 느낀 감정 - 3', 'admin', '2023-09-15 00:00:00', '2023-09-06 00:00:00'),
	(10, '홍대', '홍대에서 놀기 - 5', '홍대의 활기찬 분위기와 놀거리 - 5', 'admin', '2023-10-13 00:00:00', '2023-09-18 00:00:00'),
	(11, '경리단길', '경리단길에서의 특별한 하루 - 2', '경리단길을 거닐며 느꼈던 것 - 3', 'admin', '2023-09-20 00:00:00', '2023-10-17 00:00:00'),
	(12, '경복궁', '경복궁 여행 후기 - 8', '경복궁을 여행하며 느낀 감상 - 9', 'admin', '2023-10-24 00:00:00', '2023-09-07 00:00:00'),
	(13, '광장시장', '광장시장 구경기 - 4', '광장시장에서 맛있는 음식을 먹고 - 10', 'admin', '2023-10-23 00:00:00', '2023-09-03 00:00:00'),
	(14, '남산 서울타워', '남산 서울타워에서 느낀 점 - 10', '남산 서울타워에서 바라본 도시 - 9', 'admin', '2023-10-05 00:00:00', '2023-10-15 00:00:00'),
	(15, '명동', '명동 쇼핑 일기 - 3', '명동에서의 쇼핑과 거리 느낌 - 7', 'admin', '2023-09-01 00:00:00', '2023-10-18 00:00:00'),
	(16, '북촌 한옥마을', '북촌 한옥마을 방문 일지 - 5', '북촌 한옥마을을 돌아다니며 느낀 점 - 6', 'admin', '2023-10-29 00:00:00', '2023-09-29 00:00:00'),
	(17, '인사동', '인사동 산책 후기 - 4', '인사동의 분위기를 즐기며 - 1', 'admin', '2023-09-26 00:00:00', '2023-10-14 00:00:00'),
	(18, '창덕궁', '창덕궁 관람 리뷰 - 3', '창덕궁을 둘러보고 느낀 생각 - 1', 'admin', '2023-09-19 00:00:00', '2023-09-26 00:00:00'),
	(19, '청계천', '청계천을 따라 걷다 - 4', '청계천을 따라 산책하며 느낀 감정 - 7', 'admin', '2023-09-12 00:00:00', '2023-10-11 00:00:00'),
	(20, '홍대', '홍대에서 놀기 - 3', '홍대의 활기찬 분위기와 놀거리 - 4', 'admin', '2023-10-16 00:00:00', '2023-10-20 00:00:00'),
	(21, '경리단길', '경리단길에서의 특별한 하루 - 1', '경리단길을 거닐며 느꼈던 것 - 2', 'admin', '2023-10-21 00:00:00', '2023-10-14 00:00:00'),
	(22, '경복궁', '경복궁 여행 후기 - 5', '경복궁을 여행하며 느낀 감상 - 8', 'admin', '2023-09-04 00:00:00', '2023-09-11 00:00:00'),
	(23, '광장시장', '광장시장 구경기 - 5', '광장시장에서 맛있는 음식을 먹고 - 9', 'admin', '2023-10-10 00:00:00', '2023-10-19 00:00:00'),
	(24, '남산 서울타워', '남산 서울타워에서 느낀 점 - 2', '남산 서울타워에서 바라본 도시 - 1', 'admin', '2023-09-01 00:00:00', '2023-10-11 00:00:00'),
	(25, '명동', '명동 쇼핑 일기 - 9', '명동에서의 쇼핑과 거리 느낌 - 3', 'admin', '2023-09-21 00:00:00', '2023-10-10 00:00:00'),
	(26, '북촌 한옥마을', '북촌 한옥마을 방문 일지 - 7', '북촌 한옥마을을 돌아다니며 느낀 점 - 7', 'admin', '2023-09-18 00:00:00', '2023-09-30 00:00:00'),
	(27, '인사동', '인사동 산책 후기 - 2', '인사동의 분위기를 즐기며 - 7', 'admin', '2023-10-04 00:00:00', '2023-09-22 00:00:00'),
	(28, '창덕궁', '창덕궁 관람 리뷰 - 10', '창덕궁을 둘러보고 느낀 생각 - 8', 'admin', '2023-09-06 00:00:00', '2023-09-22 00:00:00'),
	(29, '청계천', '청계천을 따라 걷다 - 10', '청계천을 따라 산책하며 느낀 감정 - 5', 'admin', '2023-10-04 00:00:00', '2023-10-15 00:00:00'),
	(30, '홍대', '홍대에서 놀기 - 3', '홍대의 활기찬 분위기와 놀거리 - 10', 'admin', '2023-10-29 00:00:00', '2023-10-10 00:00:00'),
	(31, '경리단길', '경리단길에서의 특별한 하루 - 1', '경리단길을 거닐며 느꼈던 것 - 6', 'admin', '2023-09-21 00:00:00', '2023-10-16 00:00:00'),
	(32, '경복궁', '경복궁 여행 후기 - 5', '경복궁을 여행하며 느낀 감상 - 8', 'admin', '2023-10-18 00:00:00', '2023-10-11 00:00:00'),
	(33, '광장시장', '광장시장 구경기 - 2', '광장시장에서 맛있는 음식을 먹고 - 7', 'admin', '2023-10-29 00:00:00', '2023-10-22 00:00:00'),
	(34, '남산 서울타워', '남산 서울타워에서 느낀 점 - 7', '남산 서울타워에서 바라본 도시 - 3', 'admin', '2023-09-23 00:00:00', '2023-09-18 00:00:00'),
	(35, '명동', '명동 쇼핑 일기 - 4', '명동에서의 쇼핑과 거리 느낌 - 10', 'admin', '2023-09-20 00:00:00', '2023-10-17 00:00:00'),
	(36, '북촌 한옥마을', '북촌 한옥마을 방문 일지 - 9', '북촌 한옥마을을 돌아다니며 느낀 점 - 4', 'admin', '2023-10-22 00:00:00', '2023-09-01 00:00:00'),
	(37, '인사동', '인사동 산책 후기 - 1', '인사동의 분위기를 즐기며 - 5', 'admin', '2023-09-29 00:00:00', '2023-09-21 00:00:00'),
	(38, '창덕궁', '창덕궁 관람 리뷰 - 10', '창덕궁을 둘러보고 느낀 생각 - 3', 'admin', '2023-09-16 00:00:00', '2023-09-18 00:00:00'),
	(39, '청계천', '청계천을 따라 걷다 - 4', '청계천을 따라 산책하며 느낀 감정 - 4', 'admin', '2023-10-10 00:00:00', '2023-09-25 00:00:00'),
	(40, '홍대', '홍대에서 놀기 - 5', '홍대의 활기찬 분위기와 놀거리 - 3', 'admin', '2023-09-06 00:00:00', '2023-09-14 00:00:00'),
	(41, '경리단길', '경리단길에서의 특별한 하루 - 8', '경리단길을 거닐며 느꼈던 것 - 4', 'admin', '2023-10-24 00:00:00', '2023-10-14 00:00:00'),
	(42, '경복궁', '경복궁 여행 후기 - 3', '경복궁을 여행하며 느낀 감상 - 1', 'admin', '2023-10-28 00:00:00', '2023-10-09 00:00:00'),
	(43, '광장시장', '광장시장 구경기 - 8', '광장시장에서 맛있는 음식을 먹고 - 7', 'admin', '2023-09-20 00:00:00', '2023-10-13 00:00:00'),
	(44, '남산 서울타워', '남산 서울타워에서 느낀 점 - 1', '남산 서울타워에서 바라본 도시 - 5', 'admin', '2023-10-03 00:00:00', '2023-10-08 00:00:00'),
	(45, '명동', '명동 쇼핑 일기 - 8', '명동에서의 쇼핑과 거리 느낌 - 7', 'admin', '2023-09-29 00:00:00', '2023-10-02 00:00:00'),
	(46, '북촌 한옥마을', '북촌 한옥마을 방문 일지 - 9', '북촌 한옥마을을 돌아다니며 느낀 점 - 5', 'admin', '2023-09-09 00:00:00', '2023-09-12 00:00:00'),
	(47, '인사동', '인사동 산책 후기 - 7', '인사동의 분위기를 즐기며 - 10', 'admin', '2023-10-03 00:00:00', '2023-09-06 00:00:00'),
	(48, '창덕궁', '창덕궁 관람 리뷰 - 7', '창덕궁을 둘러보고 느낀 생각 - 5', 'admin', '2023-10-23 00:00:00', '2023-09-03 00:00:00'),
	(49, '청계천', '청계천을 따라 걷다 - 3', '청계천을 따라 산책하며 느낀 감정 - 1', 'admin', '2023-10-08 00:00:00', '2023-09-02 00:00:00'),
	(50, '홍대', '홍대에서 놀기 - 4', '홍대의 활기찬 분위기와 놀거리 - 7', 'admin', '2023-09-14 00:00:00', '2023-09-02 00:00:00'),
	(51, '경리단길', '경리단길에서의 특별한 하루 - 3', '경리단길을 거닐며 느꼈던 것 - 2', 'admin', '2023-09-29 00:00:00', '2023-09-19 00:00:00'),
	(52, '경복궁', '경복궁 여행 후기 - 10', '경복궁을 여행하며 느낀 감상 - 5', 'admin', '2023-09-08 00:00:00', '2023-10-12 00:00:00'),
	(53, '광장시장', '광장시장 구경기 - 3', '광장시장에서 맛있는 음식을 먹고 - 10', 'admin', '2023-09-07 00:00:00', '2023-09-27 00:00:00'),
	(54, '남산 서울타워', '남산 서울타워에서 느낀 점 - 2', '남산 서울타워에서 바라본 도시 - 10', 'admin', '2023-10-24 00:00:00', '2023-09-09 00:00:00'),
	(55, '명동', '명동 쇼핑 일기 - 2', '명동에서의 쇼핑과 거리 느낌 - 1', 'admin', '2023-09-02 00:00:00', '2023-10-12 00:00:00'),
	(56, '북촌 한옥마을', '북촌 한옥마을 방문 일지 - 7', '북촌 한옥마을을 돌아다니며 느낀 점 - 10', 'admin', '2023-09-23 00:00:00', '2023-10-18 00:00:00'),
	(57, '인사동', '인사동 산책 후기 - 10', '인사동의 분위기를 즐기며 - 8', 'admin', '2023-10-20 00:00:00', '2023-10-15 00:00:00'),
	(58, '창덕궁', '창덕궁 관람 리뷰 - 9', '창덕궁을 둘러보고 느낀 생각 - 10', 'admin', '2023-09-16 00:00:00', '2023-09-06 00:00:00'),
	(59, '청계천', '청계천을 따라 걷다 - 1', '청계천을 따라 산책하며 느낀 감정 - 8', 'admin', '2023-10-10 00:00:00', '2023-10-30 00:00:00'),
	(60, '홍대', '홍대에서 놀기 - 7', '홍대의 활기찬 분위기와 놀거리 - 9', 'admin', '2023-10-29 00:00:00', '2023-10-24 00:00:00'),
	(61, '경리단길', '경리단길에서의 특별한 하루 - 2', '경리단길을 거닐며 느꼈던 것 - 3', 'admin', '2023-10-04 00:00:00', '2023-09-06 00:00:00'),
	(62, '경복궁', '경복궁 여행 후기 - 1', '경복궁을 여행하며 느낀 감상 - 4', 'admin', '2023-10-19 00:00:00', '2023-10-14 00:00:00'),
	(63, '광장시장', '광장시장 구경기 - 6', '광장시장에서 맛있는 음식을 먹고 - 6', 'admin', '2023-09-14 00:00:00', '2023-10-29 00:00:00'),
	(64, '남산 서울타워', '남산 서울타워에서 느낀 점 - 2', '남산 서울타워에서 바라본 도시 - 3', 'admin', '2023-09-14 00:00:00', '2023-09-09 00:00:00'),
	(65, '명동', '명동 쇼핑 일기 - 9', '명동에서의 쇼핑과 거리 느낌 - 3', 'admin', '2023-09-02 00:00:00', '2023-10-15 00:00:00'),
	(66, '북촌 한옥마을', '북촌 한옥마을 방문 일지 - 10', '북촌 한옥마을을 돌아다니며 느낀 점 - 8', 'admin', '2023-10-06 00:00:00', '2023-10-17 00:00:00'),
	(67, '인사동', '인사동 산책 후기 - 2', '인사동의 분위기를 즐기며 - 4', 'admin', '2023-09-07 00:00:00', '2023-09-11 00:00:00'),
	(68, '창덕궁', '창덕궁 관람 리뷰 - 3', '창덕궁을 둘러보고 느낀 생각 - 3', 'admin', '2023-10-04 00:00:00', '2023-09-16 00:00:00'),
	(69, '청계천', '청계천을 따라 걷다 - 4', '청계천을 따라 산책하며 느낀 감정 - 3', 'admin', '2023-10-08 00:00:00', '2023-09-21 00:00:00'),
	(70, '홍대', '홍대에서 놀기 - 2', '홍대의 활기찬 분위기와 놀거리 - 9', 'admin', '2023-10-20 00:00:00', '2023-09-09 00:00:00'),
	(71, '경리단길', '경리단길에서의 특별한 하루 - 10', '경리단길을 거닐며 느꼈던 것 - 2', 'admin', '2023-09-12 00:00:00', '2023-10-02 00:00:00'),
	(72, '경복궁', '경복궁 여행 후기 - 7', '경복궁을 여행하며 느낀 감상 - 2', 'admin', '2023-09-03 00:00:00', '2023-10-08 00:00:00'),
	(73, '광장시장', '광장시장 구경기 - 7', '광장시장에서 맛있는 음식을 먹고 - 1', 'admin', '2023-10-30 00:00:00', '2023-09-07 00:00:00'),
	(74, '남산 서울타워', '남산 서울타워에서 느낀 점 - 10', '남산 서울타워에서 바라본 도시 - 9', 'admin', '2023-10-04 00:00:00', '2023-09-28 00:00:00'),
	(75, '명동', '명동 쇼핑 일기 - 2', '명동에서의 쇼핑과 거리 느낌 - 3', 'admin', '2023-10-09 00:00:00', '2023-10-21 00:00:00'),
	(76, '북촌 한옥마을', '북촌 한옥마을 방문 일지 - 7', '북촌 한옥마을을 돌아다니며 느낀 점 - 7', 'admin', '2023-09-19 00:00:00', '2023-10-28 00:00:00'),
	(77, '인사동', '인사동 산책 후기 - 2', '인사동의 분위기를 즐기며 - 9', 'admin', '2023-10-24 00:00:00', '2023-10-06 00:00:00'),
	(78, '창덕궁', '창덕궁 관람 리뷰 - 1', '창덕궁을 둘러보고 느낀 생각 - 5', 'admin', '2023-09-16 00:00:00', '2023-10-03 00:00:00'),
	(79, '청계천', '청계천을 따라 걷다 - 2', '청계천을 따라 산책하며 느낀 감정 - 3', 'admin', '2023-10-27 00:00:00', '2023-09-05 00:00:00'),
	(80, '홍대', '홍대에서 놀기 - 10', '홍대의 활기찬 분위기와 놀거리 - 9', 'admin', '2023-10-04 00:00:00', '2023-10-02 00:00:00'),
	(81, '경리단길', '경리단길에서의 특별한 하루 - 5', '경리단길을 거닐며 느꼈던 것 - 9', 'admin', '2023-10-30 00:00:00', '2023-09-22 00:00:00'),
	(82, '경복궁', '경복궁 여행 후기 - 9', '경복궁을 여행하며 느낀 감상 - 5', 'admin', '2023-10-18 00:00:00', '2023-10-25 00:00:00'),
	(83, '광장시장', '광장시장 구경기 - 1', '광장시장에서 맛있는 음식을 먹고 - 9', 'admin', '2023-09-09 00:00:00', '2023-09-01 00:00:00'),
	(84, '남산 서울타워', '남산 서울타워에서 느낀 점 - 10', '남산 서울타워에서 바라본 도시 - 3', 'admin', '2023-10-08 00:00:00', '2023-09-04 00:00:00'),
	(85, '명동', '명동 쇼핑 일기 - 6', '명동에서의 쇼핑과 거리 느낌 - 10', 'admin', '2023-09-28 00:00:00', '2023-09-09 00:00:00'),
	(86, '북촌 한옥마을', '북촌 한옥마을 방문 일지 - 3', '북촌 한옥마을을 돌아다니며 느낀 점 - 3', 'admin', '2023-09-17 00:00:00', '2023-10-28 00:00:00'),
	(87, '인사동', '인사동 산책 후기 - 7', '인사동의 분위기를 즐기며 - 5', 'admin', '2023-10-28 00:00:00', '2023-10-25 00:00:00'),
	(88, '창덕궁', '창덕궁 관람 리뷰 - 2', '창덕궁을 둘러보고 느낀 생각 - 6', 'admin', '2023-10-13 00:00:00', '2023-10-18 00:00:00'),
	(89, '청계천', '청계천을 따라 걷다 - 2', '청계천을 따라 산책하며 느낀 감정 - 4', 'admin', '2023-10-19 00:00:00', '2023-10-11 00:00:00'),
	(90, '홍대', '홍대에서 놀기 - 3', '홍대의 활기찬 분위기와 놀거리 - 1', 'admin', '2023-10-28 00:00:00', '2023-10-19 00:00:00'),
	(91, '경리단길', '경리단길에서의 특별한 하루 - 7', '경리단길을 거닐며 느꼈던 것 - 9', 'admin', '2023-09-07 00:00:00', '2023-09-09 00:00:00'),
	(92, '경복궁', '경복궁 여행 후기 - 4', '경복궁을 여행하며 느낀 감상 - 3', 'admin', '2023-09-25 00:00:00', '2023-10-06 00:00:00'),
	(93, '광장시장', '광장시장 구경기 - 4', '광장시장에서 맛있는 음식을 먹고 - 1', 'admin', '2023-10-14 00:00:00', '2023-10-21 00:00:00'),
	(94, '남산 서울타워', '남산 서울타워에서 느낀 점 - 2', '남산 서울타워에서 바라본 도시 - 6', 'admin', '2023-09-04 00:00:00', '2023-10-15 00:00:00'),
	(95, '명동', '명동 쇼핑 일기 - 2', '명동에서의 쇼핑과 거리 느낌 - 5', 'admin', '2023-10-02 00:00:00', '2023-09-27 00:00:00'),
	(96, '북촌 한옥마을', '북촌 한옥마을 방문 일지 - 5', '북촌 한옥마을을 돌아다니며 느낀 점 - 2', 'admin', '2023-10-07 00:00:00', '2023-10-15 00:00:00'),
	(97, '인사동', '인사동 산책 후기 - 3', '인사동의 분위기를 즐기며 - 9', 'admin', '2023-10-21 00:00:00', '2023-10-29 00:00:00'),
	(98, '창덕궁', '창덕궁 관람 리뷰 - 3', '창덕궁을 둘러보고 느낀 생각 - 1', 'admin', '2023-09-22 00:00:00', '2023-10-23 00:00:00'),
	(99, '청계천', '청계천을 따라 걷다 - 3', '청계천을 따라 산책하며 느낀 감정 - 4', 'admin', '2023-09-21 00:00:00', '2023-09-02 00:00:00'),
	(100, '홍대', '홍대에서 놀기 - 9', '홍대의 활기찬 분위기와 놀거리 - 5', 'admin', '2023-09-06 00:00:00', '2023-09-24 00:00:00');

-- 테이블 userboard.comment 구조 내보내기
CREATE TABLE IF NOT EXISTS `comment` (
  `comment_no` int(11) NOT NULL AUTO_INCREMENT,
  `board_no` int(11) NOT NULL,
  `comment_content` text NOT NULL,
  `member_id` varchar(50) NOT NULL,
  `createdate` datetime NOT NULL,
  `updatedate` datetime NOT NULL,
  PRIMARY KEY (`comment_no`),
  KEY `FK_comment_board` (`board_no`),
  KEY `FK_comment_member` (`member_id`),
  CONSTRAINT `FK_comment_board` FOREIGN KEY (`board_no`) REFERENCES `board` (`board_no`) ON DELETE CASCADE ON UPDATE CASCADE,
  CONSTRAINT `FK_comment_member` FOREIGN KEY (`member_id`) REFERENCES `member` (`member_id`) ON DELETE CASCADE ON UPDATE CASCADE
) ENGINE=InnoDB AUTO_INCREMENT=329 DEFAULT CHARSET=utf8;

-- 테이블 데이터 userboard.comment:~300 rows (대략적) 내보내기
DELETE FROM `comment`;
INSERT INTO `comment` (`comment_no`, `board_no`, `comment_content`, `member_id`, `createdate`, `updatedate`) VALUES
	(2, 2, '경리단길의 특별한 순간을 기록해봤어요!', 'user6', '2023-10-22 01:32:57', '2023-10-12 12:38:27'),
	(3, 4, '또 다른 관점에서 본 리뷰네요!', 'user4', '2023-09-23 15:16:46', '2023-08-13 04:07:30'),
	(4, 5, '경리단길의 특별한 순간을 기록해봤어요!', 'user5', '2023-10-12 17:13:37', '2023-09-10 03:38:34'),
	(5, 7, '한옥마을에서의 추억이 담긴 글이네요.', 'user6', '2023-08-21 22:36:39', '2023-10-16 04:23:29'),
	(6, 10, '홍대에서의 활기찬 분위기를 느낄 수 있었어요!', 'user1', '2023-08-30 11:26:25', '2023-10-07 16:22:37'),
	(7, 13, '좋은 글 감사합니다!', 'user2', '2023-09-25 01:41:49', '2023-08-17 16:39:25'),
	(8, 13, '홍대에서의 활기찬 분위기를 느낄 수 있었어요!', 'user6', '2023-09-27 15:59:02', '2023-10-22 13:27:46'),
	(9, 15, '시장에서 맛있는 음식을 먹었어요!', 'user5', '2023-09-27 03:01:17', '2023-10-14 12:21:17'),
	(10, 15, '청계천을 따라 산책하며 여유를 느꼈어요.', 'user2', '2023-08-16 16:05:40', '2023-09-09 06:50:52'),
	(11, 15, '또 다른 관점에서 본 리뷰네요!', 'user6', '2023-10-04 01:26:26', '2023-09-20 12:09:32'),
	(12, 16, '한옥마을에서의 추억이 담긴 글이네요.', 'user6', '2023-09-06 14:28:36', '2023-10-29 01:08:58'),
	(13, 17, '명동의 쇼핑은 최고였어요!', 'user2', '2023-08-22 16:18:20', '2023-10-24 03:00:35'),
	(14, 17, '시장에서 맛있는 음식을 먹었어요!', 'user2', '2023-08-16 13:11:20', '2023-10-08 14:54:35'),
	(15, 18, '인사동에서의 산책이 즐거웠나봐요!', 'admin', '2023-08-17 17:48:23', '2023-10-27 02:31:59'),
	(16, 18, '경리단길의 특별한 순간을 기록해봤어요!', 'user2', '2023-09-29 00:35:22', '2023-08-30 19:02:39'),
	(17, 19, '인사동에서의 산책이 즐거웠나봐요!', 'user3', '2023-10-10 18:59:51', '2023-10-08 05:38:40'),
	(18, 19, '홍대에서의 활기찬 분위기를 느낄 수 있었어요!', 'user4', '2023-08-27 07:53:22', '2023-09-07 20:46:56'),
	(19, 20, '한옥마을에서의 추억이 담긴 글이네요.', 'user4', '2023-09-20 15:55:48', '2023-09-22 02:21:13'),
	(20, 20, '도시의 뷰를 즐겼어요!', 'user5', '2023-10-01 18:32:50', '2023-10-29 02:05:39'),
	(21, 24, '시장에서 맛있는 음식을 먹었어요!', 'admin', '2023-09-23 14:02:27', '2023-09-20 22:58:49'),
	(22, 25, '시장에서 맛있는 음식을 먹었어요!', 'user3', '2023-10-19 16:03:46', '2023-10-19 13:24:01'),
	(23, 27, '청계천을 따라 산책하며 여유를 느꼈어요.', 'user6', '2023-08-26 14:55:31', '2023-08-31 15:54:23'),
	(24, 28, '시장에서 맛있는 음식을 먹었어요!', 'user2', '2023-08-21 05:43:24', '2023-10-08 01:20:42'),
	(25, 29, '경리단길의 특별한 순간을 기록해봤어요!', 'user1', '2023-09-27 18:07:59', '2023-10-18 02:02:03'),
	(26, 29, '도시의 뷰를 즐겼어요!', 'user2', '2023-10-14 10:09:27', '2023-08-28 07:28:51'),
	(27, 31, '도시의 뷰를 즐겼어요!', 'user5', '2023-10-20 20:11:21', '2023-09-05 12:07:35'),
	(28, 31, '도시의 뷰를 즐겼어요!', 'user1', '2023-08-22 17:00:31', '2023-08-25 19:44:23'),
	(29, 31, '도시의 뷰를 즐겼어요!', 'user2', '2023-09-30 17:40:11', '2023-09-15 23:37:14'),
	(30, 33, '인사동에서의 산책이 즐거웠나봐요!', 'user4', '2023-08-16 14:19:49', '2023-10-07 16:27:44'),
	(31, 34, '도시의 뷰를 즐겼어요!', 'admin', '2023-09-04 01:12:35', '2023-08-30 23:53:19'),
	(32, 35, '경리단길의 특별한 순간을 기록해봤어요!', 'admin', '2023-08-21 18:17:42', '2023-09-19 13:05:02'),
	(33, 38, '명동의 쇼핑은 최고였어요!', 'user1', '2023-09-15 12:26:07', '2023-08-17 03:23:29'),
	(34, 39, '인사동에서의 산책이 즐거웠나봐요!', 'user6', '2023-09-07 08:58:50', '2023-10-09 14:31:21'),
	(35, 40, '명동의 쇼핑은 최고였어요!', 'user5', '2023-10-13 04:41:12', '2023-09-21 09:10:25'),
	(36, 40, '또 다른 관점에서 본 리뷰네요!', 'admin', '2023-09-08 21:21:03', '2023-09-12 21:45:39'),
	(37, 43, '또 다른 관점에서 본 리뷰네요!', 'admin', '2023-09-15 07:27:06', '2023-10-05 20:34:12'),
	(38, 45, '도시의 뷰를 즐겼어요!', 'user2', '2023-09-10 10:06:52', '2023-10-21 00:26:31'),
	(39, 45, '도시의 뷰를 즐겼어요!', 'admin', '2023-08-22 17:57:53', '2023-09-08 11:16:35'),
	(40, 45, '경리단길의 특별한 순간을 기록해봤어요!', 'user2', '2023-08-18 08:01:26', '2023-09-30 02:44:53'),
	(41, 47, '또 다른 관점에서 본 리뷰네요!', 'user5', '2023-09-25 02:27:10', '2023-09-05 00:11:36'),
	(42, 48, '좋은 글 감사합니다!', 'user1', '2023-10-07 12:16:57', '2023-08-23 10:06:39'),
	(43, 49, '인사동에서의 산책이 즐거웠나봐요!', 'admin', '2023-08-23 14:42:47', '2023-09-07 02:47:16'),
	(44, 49, '시장에서 맛있는 음식을 먹었어요!', 'user3', '2023-10-22 04:51:02', '2023-10-28 08:31:02'),
	(45, 51, '한옥마을에서의 추억이 담긴 글이네요.', 'user3', '2023-10-06 09:23:20', '2023-09-09 23:45:11'),
	(46, 51, '홍대에서의 활기찬 분위기를 느낄 수 있었어요!', 'user2', '2023-09-19 17:33:12', '2023-10-08 03:35:09'),
	(47, 53, '좋은 글 감사합니다!', 'user4', '2023-09-27 00:57:19', '2023-10-19 22:05:48'),
	(48, 54, '명동의 쇼핑은 최고였어요!', 'admin', '2023-10-23 07:01:30', '2023-08-30 02:48:47'),
	(49, 56, '청계천을 따라 산책하며 여유를 느꼈어요.', 'user1', '2023-08-18 05:42:12', '2023-08-25 06:19:46'),
	(50, 56, '좋은 글 감사합니다!', 'user1', '2023-10-06 10:50:47', '2023-10-29 12:33:38'),
	(51, 56, '청계천을 따라 산책하며 여유를 느꼈어요.', 'user1', '2023-10-30 20:28:38', '2023-10-09 07:34:41'),
	(52, 57, '또 다른 관점에서 본 리뷰네요!', 'admin', '2023-09-30 20:39:26', '2023-10-24 01:25:29'),
	(53, 57, '홍대에서의 활기찬 분위기를 느낄 수 있었어요!', 'admin', '2023-10-25 21:06:20', '2023-09-05 18:03:50'),
	(54, 58, '인사동에서의 산책이 즐거웠나봐요!', 'admin', '2023-09-10 01:25:48', '2023-10-09 17:14:54'),
	(55, 58, '청계천을 따라 산책하며 여유를 느꼈어요.', 'user3', '2023-09-29 03:18:45', '2023-10-20 13:55:06'),
	(56, 59, '좋은 글 감사합니다!', 'user1', '2023-08-25 05:18:55', '2023-10-01 14:08:57'),
	(57, 59, '인사동에서의 산책이 즐거웠나봐요!', 'user5', '2023-09-20 04:30:35', '2023-09-04 06:35:31'),
	(58, 59, '청계천을 따라 산책하며 여유를 느꼈어요.', 'user5', '2023-08-14 13:52:20', '2023-10-20 08:24:43'),
	(59, 59, '인사동에서의 산책이 즐거웠나봐요!', 'user6', '2023-09-28 23:03:02', '2023-08-18 18:35:47'),
	(60, 60, '명동의 쇼핑은 최고였어요!', 'user2', '2023-08-18 20:47:13', '2023-09-28 07:04:25'),
	(61, 61, '홍대에서의 활기찬 분위기를 느낄 수 있었어요!', 'user1', '2023-09-23 20:47:33', '2023-08-31 05:19:12'),
	(62, 62, '좋은 글 감사합니다!', 'user5', '2023-10-21 15:31:20', '2023-08-20 12:06:40'),
	(63, 64, '청계천을 따라 산책하며 여유를 느꼈어요.', 'user1', '2023-09-02 23:21:55', '2023-08-27 19:36:25'),
	(64, 66, '한옥마을에서의 추억이 담긴 글이네요.', 'user2', '2023-08-22 04:15:04', '2023-10-07 07:45:02'),
	(65, 67, '좋은 글 감사합니다!', 'admin', '2023-10-04 06:24:42', '2023-10-24 17:03:48'),
	(66, 67, '홍대에서의 활기찬 분위기를 느낄 수 있었어요!', 'user1', '2023-09-19 20:03:43', '2023-08-29 10:09:27'),
	(67, 68, '좋은 글 감사합니다!', 'user3', '2023-10-03 00:08:12', '2023-10-27 20:36:33'),
	(68, 69, '인사동에서의 산책이 즐거웠나봐요!', 'user1', '2023-10-06 20:16:27', '2023-09-01 20:35:18'),
	(69, 70, '홍대에서의 활기찬 분위기를 느낄 수 있었어요!', 'user6', '2023-09-17 05:04:37', '2023-10-07 16:03:20'),
	(70, 70, '홍대에서의 활기찬 분위기를 느낄 수 있었어요!', 'user1', '2023-10-08 12:51:12', '2023-09-08 03:50:08'),
	(71, 71, '또 다른 관점에서 본 리뷰네요!', 'user5', '2023-10-14 23:25:37', '2023-09-20 09:12:10'),
	(72, 71, '명동의 쇼핑은 최고였어요!', 'user5', '2023-09-22 16:47:10', '2023-09-02 23:47:47'),
	(73, 71, '시장에서 맛있는 음식을 먹었어요!', 'user5', '2023-10-02 14:46:17', '2023-08-19 11:14:37'),
	(74, 71, '한옥마을에서의 추억이 담긴 글이네요.', 'user2', '2023-10-06 07:12:46', '2023-10-13 21:24:38'),
	(75, 73, '한옥마을에서의 추억이 담긴 글이네요.', 'user5', '2023-08-15 08:04:54', '2023-08-14 01:44:41'),
	(76, 78, '경리단길의 특별한 순간을 기록해봤어요!', 'user6', '2023-10-13 01:02:39', '2023-08-15 03:50:22'),
	(77, 79, '청계천을 따라 산책하며 여유를 느꼈어요.', 'admin', '2023-10-17 02:00:49', '2023-08-13 08:38:05'),
	(78, 79, '명동의 쇼핑은 최고였어요!', 'admin', '2023-09-01 00:45:57', '2023-10-19 04:38:53'),
	(79, 80, '명동의 쇼핑은 최고였어요!', 'user2', '2023-10-15 16:15:50', '2023-08-17 11:14:06'),
	(80, 82, '경리단길의 특별한 순간을 기록해봤어요!', 'admin', '2023-09-29 07:49:19', '2023-10-28 00:42:04'),
	(81, 82, '청계천을 따라 산책하며 여유를 느꼈어요.', 'user6', '2023-09-18 14:15:48', '2023-10-02 05:22:59'),
	(82, 82, '청계천을 따라 산책하며 여유를 느꼈어요.', 'user4', '2023-10-01 04:04:29', '2023-08-23 18:53:37'),
	(83, 83, '인사동에서의 산책이 즐거웠나봐요!', 'user6', '2023-09-09 01:23:37', '2023-08-21 02:23:10'),
	(84, 84, '좋은 글 감사합니다!', 'user5', '2023-10-24 06:05:01', '2023-09-11 14:13:07'),
	(85, 84, '좋은 글 감사합니다!', 'user6', '2023-09-29 01:37:49', '2023-09-18 13:52:18'),
	(86, 85, '경리단길의 특별한 순간을 기록해봤어요!', 'user3', '2023-10-19 13:09:06', '2023-08-18 07:17:21'),
	(87, 86, '한옥마을에서의 추억이 담긴 글이네요.', 'user1', '2023-09-24 05:23:13', '2023-09-20 08:58:47'),
	(88, 87, '홍대에서의 활기찬 분위기를 느낄 수 있었어요!', 'user3', '2023-08-31 05:39:07', '2023-08-19 02:02:00'),
	(89, 87, '명동의 쇼핑은 최고였어요!', 'user2', '2023-09-14 07:56:17', '2023-09-23 09:56:38'),
	(90, 87, '시장에서 맛있는 음식을 먹었어요!', 'user4', '2023-10-09 14:14:31', '2023-10-16 08:37:42'),
	(91, 88, '도시의 뷰를 즐겼어요!', 'user5', '2023-09-08 21:46:25', '2023-09-17 02:18:29'),
	(92, 89, '시장에서 맛있는 음식을 먹었어요!', 'user1', '2023-10-04 21:20:10', '2023-08-15 09:21:32'),
	(93, 89, '시장에서 맛있는 음식을 먹었어요!', 'user2', '2023-09-15 22:00:20', '2023-09-06 14:52:43'),
	(94, 94, '또 다른 관점에서 본 리뷰네요!', 'user5', '2023-08-13 07:13:41', '2023-10-24 05:44:39'),
	(95, 95, '경리단길의 특별한 순간을 기록해봤어요!', 'user4', '2023-09-02 13:20:37', '2023-09-14 14:12:46'),
	(96, 95, '한옥마을에서의 추억이 담긴 글이네요.', 'user1', '2023-08-23 16:16:14', '2023-09-12 04:08:35'),
	(97, 96, '또 다른 관점에서 본 리뷰네요!', 'user6', '2023-09-25 18:48:15', '2023-08-22 20:15:48'),
	(98, 97, '또 다른 관점에서 본 리뷰네요!', 'user2', '2023-08-14 00:30:33', '2023-09-04 14:43:33'),
	(99, 98, '한옥마을에서의 추억이 담긴 글이네요.', 'user3', '2023-08-22 18:20:15', '2023-09-29 18:35:51'),
	(100, 99, '명동의 쇼핑은 최고였어요!', 'user6', '2023-09-23 03:05:05', '2023-10-04 23:01:13'),
	(101, 99, '도시의 뷰를 즐겼어요!', 'admin', '2023-08-22 06:49:56', '2023-09-24 10:34:12'),
	(102, 1, '명동의 쇼핑은 최고였어요!', 'user1', '2023-09-21 19:47:36', '2023-08-15 21:15:59'),
	(103, 1, '도시의 뷰를 즐겼어요!', 'user3', '2023-09-25 00:12:27', '2023-09-23 15:44:35'),
	(104, 2, '한옥마을에서의 추억이 담긴 글이네요.', 'user5', '2023-08-26 11:26:11', '2023-09-14 01:09:12'),
	(105, 2, '청계천을 따라 산책하며 여유를 느꼈어요.', 'admin', '2023-09-19 08:54:47', '2023-08-17 11:08:19'),
	(106, 3, '도시의 뷰를 즐겼어요!', 'user6', '2023-08-16 14:44:15', '2023-10-07 23:20:10'),
	(107, 3, '도시의 뷰를 즐겼어요!', 'user5', '2023-09-19 12:51:54', '2023-10-29 11:38:45'),
	(108, 4, '도시의 뷰를 즐겼어요!', 'user1', '2023-10-04 17:14:37', '2023-09-01 06:46:40'),
	(109, 6, '도시의 뷰를 즐겼어요!', 'user3', '2023-09-10 22:29:02', '2023-10-06 21:10:08'),
	(110, 7, '또 다른 관점에서 본 리뷰네요!', 'user5', '2023-10-21 19:35:35', '2023-09-11 16:54:00'),
	(111, 10, '인사동에서의 산책이 즐거웠나봐요!', 'user5', '2023-09-14 05:33:48', '2023-09-29 13:59:18'),
	(112, 11, '홍대에서의 활기찬 분위기를 느낄 수 있었어요!', 'user6', '2023-08-19 15:28:18', '2023-10-02 12:25:34'),
	(113, 13, '홍대에서의 활기찬 분위기를 느낄 수 있었어요!', 'user6', '2023-10-23 08:34:32', '2023-09-26 12:35:08'),
	(114, 13, '좋은 글 감사합니다!', 'user1', '2023-09-28 05:14:47', '2023-10-02 14:25:50'),
	(115, 14, '한옥마을에서의 추억이 담긴 글이네요.', 'user6', '2023-09-18 16:07:40', '2023-09-12 05:16:51'),
	(116, 17, '명동의 쇼핑은 최고였어요!', 'user5', '2023-08-22 06:06:10', '2023-09-23 11:45:26'),
	(117, 19, '한옥마을에서의 추억이 담긴 글이네요.', 'admin', '2023-10-25 13:49:44', '2023-09-10 12:14:46'),
	(118, 19, '한옥마을에서의 추억이 담긴 글이네요.', 'user5', '2023-10-16 03:41:35', '2023-10-13 17:02:39'),
	(119, 20, '인사동에서의 산책이 즐거웠나봐요!', 'admin', '2023-10-06 02:35:54', '2023-09-02 01:36:41'),
	(120, 20, '경리단길의 특별한 순간을 기록해봤어요!', 'user6', '2023-08-23 23:43:53', '2023-10-12 23:32:55'),
	(121, 21, '청계천을 따라 산책하며 여유를 느꼈어요.', 'user2', '2023-08-16 14:34:47', '2023-10-05 15:18:16'),
	(122, 22, '도시의 뷰를 즐겼어요!', 'user1', '2023-10-02 17:43:44', '2023-10-13 11:10:51'),
	(123, 22, '경리단길의 특별한 순간을 기록해봤어요!', 'user4', '2023-08-26 19:59:55', '2023-10-30 03:17:37'),
	(124, 22, '홍대에서의 활기찬 분위기를 느낄 수 있었어요!', 'user1', '2023-09-11 23:32:48', '2023-10-03 14:01:22'),
	(125, 22, '인사동에서의 산책이 즐거웠나봐요!', 'user6', '2023-10-06 14:36:08', '2023-10-05 08:11:14'),
	(126, 22, '시장에서 맛있는 음식을 먹었어요!', 'user3', '2023-09-12 00:59:39', '2023-10-07 08:34:06'),
	(127, 23, '좋은 글 감사합니다!', 'user2', '2023-08-22 20:30:22', '2023-10-09 02:15:04'),
	(128, 23, '또 다른 관점에서 본 리뷰네요!', 'admin', '2023-09-13 00:21:49', '2023-10-24 08:06:09'),
	(129, 24, '좋은 글 감사합니다!', 'admin', '2023-09-15 12:27:08', '2023-08-15 20:27:50'),
	(130, 24, '청계천을 따라 산책하며 여유를 느꼈어요.', 'user5', '2023-10-13 15:15:59', '2023-10-08 15:52:01'),
	(131, 25, '청계천을 따라 산책하며 여유를 느꼈어요.', 'admin', '2023-10-02 19:47:39', '2023-10-30 02:43:47'),
	(132, 26, '청계천을 따라 산책하며 여유를 느꼈어요.', 'user3', '2023-10-05 16:20:43', '2023-10-25 22:42:40'),
	(133, 26, '시장에서 맛있는 음식을 먹었어요!', 'user3', '2023-09-19 23:44:51', '2023-08-29 18:49:33'),
	(134, 27, '경리단길의 특별한 순간을 기록해봤어요!', 'user3', '2023-10-17 21:10:43', '2023-08-24 08:49:17'),
	(135, 28, '명동의 쇼핑은 최고였어요!', 'user1', '2023-09-14 21:26:28', '2023-09-29 04:43:37'),
	(136, 29, '명동의 쇼핑은 최고였어요!', 'user5', '2023-10-18 22:34:36', '2023-10-26 17:20:46'),
	(137, 31, '인사동에서의 산책이 즐거웠나봐요!', 'user4', '2023-08-25 02:57:30', '2023-08-28 20:39:41'),
	(138, 31, '경리단길의 특별한 순간을 기록해봤어요!', 'admin', '2023-08-21 19:50:59', '2023-09-24 07:02:12'),
	(139, 32, '좋은 글 감사합니다!', 'user1', '2023-10-24 11:06:21', '2023-09-02 04:34:13'),
	(140, 35, '좋은 글 감사합니다!', 'admin', '2023-09-20 06:24:05', '2023-08-22 04:49:32'),
	(141, 37, '청계천을 따라 산책하며 여유를 느꼈어요.', 'admin', '2023-08-19 10:34:52', '2023-09-05 08:59:41'),
	(142, 37, '시장에서 맛있는 음식을 먹었어요!', 'user3', '2023-08-30 05:07:12', '2023-10-05 12:27:50'),
	(143, 38, '도시의 뷰를 즐겼어요!', 'user5', '2023-10-10 18:10:44', '2023-09-01 21:33:51'),
	(144, 39, '또 다른 관점에서 본 리뷰네요!', 'user6', '2023-10-07 19:54:26', '2023-10-15 08:33:41'),
	(145, 40, '한옥마을에서의 추억이 담긴 글이네요.', 'user6', '2023-09-13 17:03:29', '2023-08-18 09:10:04'),
	(146, 40, '좋은 글 감사합니다!', 'user3', '2023-09-03 07:21:02', '2023-08-24 00:05:04'),
	(147, 40, '홍대에서의 활기찬 분위기를 느낄 수 있었어요!', 'user2', '2023-10-11 09:20:48', '2023-10-12 01:08:09'),
	(148, 41, '도시의 뷰를 즐겼어요!', 'user2', '2023-10-10 16:23:19', '2023-10-18 21:06:09'),
	(149, 41, '또 다른 관점에서 본 리뷰네요!', 'user1', '2023-09-30 18:17:14', '2023-10-19 14:13:25'),
	(150, 43, '경리단길의 특별한 순간을 기록해봤어요!', 'admin', '2023-09-14 01:00:30', '2023-10-01 15:35:06'),
	(151, 43, '또 다른 관점에서 본 리뷰네요!', 'user4', '2023-08-15 05:36:03', '2023-09-22 03:08:37'),
	(152, 44, '인사동에서의 산책이 즐거웠나봐요!', 'user5', '2023-08-18 19:15:14', '2023-08-24 03:23:28'),
	(153, 45, '좋은 글 감사합니다!', 'user2', '2023-08-31 14:57:10', '2023-09-19 00:47:15'),
	(154, 45, '경리단길의 특별한 순간을 기록해봤어요!', 'user1', '2023-08-18 11:55:45', '2023-10-22 15:06:45'),
	(155, 45, '한옥마을에서의 추억이 담긴 글이네요.', 'user5', '2023-10-16 07:29:56', '2023-08-14 10:26:01'),
	(156, 46, '또 다른 관점에서 본 리뷰네요!', 'user2', '2023-10-24 09:54:22', '2023-10-26 13:26:02'),
	(157, 46, '또 다른 관점에서 본 리뷰네요!', 'user3', '2023-10-08 01:35:34', '2023-09-11 04:56:09'),
	(158, 47, '한옥마을에서의 추억이 담긴 글이네요.', 'admin', '2023-09-30 07:28:36', '2023-08-16 14:38:25'),
	(159, 47, '인사동에서의 산책이 즐거웠나봐요!', 'admin', '2023-08-22 18:02:43', '2023-09-06 19:23:06'),
	(160, 48, '명동의 쇼핑은 최고였어요!', 'user1', '2023-09-21 18:47:02', '2023-08-23 17:54:56'),
	(161, 48, '도시의 뷰를 즐겼어요!', 'user5', '2023-10-10 16:35:59', '2023-09-02 07:13:15'),
	(162, 49, '인사동에서의 산책이 즐거웠나봐요!', 'admin', '2023-09-25 11:25:02', '2023-10-11 03:41:09'),
	(163, 52, '한옥마을에서의 추억이 담긴 글이네요.', 'user2', '2023-09-05 20:21:24', '2023-10-04 21:28:47'),
	(164, 53, '좋은 글 감사합니다!', 'user5', '2023-08-22 00:09:31', '2023-09-09 09:09:54'),
	(165, 53, '한옥마을에서의 추억이 담긴 글이네요.', 'user5', '2023-08-25 11:31:03', '2023-10-05 17:47:56'),
	(166, 55, '또 다른 관점에서 본 리뷰네요!', 'admin', '2023-10-26 15:35:16', '2023-09-11 23:24:31'),
	(167, 55, '홍대에서의 활기찬 분위기를 느낄 수 있었어요!', 'user4', '2023-10-01 08:49:55', '2023-09-09 11:02:06'),
	(168, 58, '시장에서 맛있는 음식을 먹었어요!', 'user1', '2023-09-21 19:25:28', '2023-08-25 04:29:53'),
	(169, 58, '홍대에서의 활기찬 분위기를 느낄 수 있었어요!', 'admin', '2023-10-10 16:23:49', '2023-09-16 15:01:10'),
	(170, 62, '인사동에서의 산책이 즐거웠나봐요!', 'user5', '2023-10-10 01:23:57', '2023-09-07 23:36:49'),
	(171, 62, '시장에서 맛있는 음식을 먹었어요!', 'user3', '2023-10-18 19:46:49', '2023-10-22 11:30:31'),
	(172, 64, '좋은 글 감사합니다!', 'user6', '2023-09-24 20:35:49', '2023-10-14 07:09:43'),
	(173, 65, '청계천을 따라 산책하며 여유를 느꼈어요.', 'user1', '2023-08-26 22:32:06', '2023-10-03 20:18:28'),
	(174, 65, '한옥마을에서의 추억이 담긴 글이네요.', 'user6', '2023-09-14 18:12:31', '2023-08-19 18:12:47'),
	(175, 66, '명동의 쇼핑은 최고였어요!', 'user6', '2023-10-19 03:03:49', '2023-09-10 23:25:55'),
	(176, 68, '명동의 쇼핑은 최고였어요!', 'user2', '2023-09-03 08:56:29', '2023-10-11 14:48:19'),
	(177, 72, '또 다른 관점에서 본 리뷰네요!', 'user2', '2023-10-26 04:47:33', '2023-10-19 12:38:06'),
	(178, 74, '경리단길의 특별한 순간을 기록해봤어요!', 'user5', '2023-09-26 14:53:13', '2023-10-09 02:20:24'),
	(179, 74, '시장에서 맛있는 음식을 먹었어요!', 'user6', '2023-10-29 14:37:16', '2023-10-29 06:35:41'),
	(180, 74, '명동의 쇼핑은 최고였어요!', 'user2', '2023-10-05 22:43:01', '2023-09-28 11:40:00'),
	(181, 76, '청계천을 따라 산책하며 여유를 느꼈어요.', 'user5', '2023-08-23 11:27:50', '2023-09-26 03:29:34'),
	(182, 79, '홍대에서의 활기찬 분위기를 느낄 수 있었어요!', 'user2', '2023-10-12 18:03:11', '2023-10-23 09:06:59'),
	(183, 79, '인사동에서의 산책이 즐거웠나봐요!', 'admin', '2023-09-05 01:42:58', '2023-08-18 07:41:52'),
	(184, 87, '홍대에서의 활기찬 분위기를 느낄 수 있었어요!', 'user5', '2023-08-18 04:12:02', '2023-10-30 16:45:39'),
	(185, 87, '청계천을 따라 산책하며 여유를 느꼈어요.', 'user1', '2023-09-04 23:26:39', '2023-08-14 03:31:16'),
	(186, 89, '좋은 글 감사합니다!', 'admin', '2023-09-16 02:54:22', '2023-08-21 03:43:05'),
	(187, 89, '청계천을 따라 산책하며 여유를 느꼈어요.', 'admin', '2023-09-25 03:28:20', '2023-09-29 12:07:25'),
	(188, 89, '경리단길의 특별한 순간을 기록해봤어요!', 'admin', '2023-10-11 08:07:28', '2023-09-22 11:39:49'),
	(189, 90, '명동의 쇼핑은 최고였어요!', 'user5', '2023-08-17 01:25:03', '2023-10-12 03:59:17'),
	(190, 91, '시장에서 맛있는 음식을 먹었어요!', 'user3', '2023-10-18 20:49:44', '2023-10-27 01:29:22'),
	(191, 92, '경리단길의 특별한 순간을 기록해봤어요!', 'user3', '2023-10-02 02:22:15', '2023-08-14 12:30:26'),
	(192, 93, '시장에서 맛있는 음식을 먹었어요!', 'user6', '2023-10-16 05:39:12', '2023-09-04 16:48:01'),
	(193, 93, '인사동에서의 산책이 즐거웠나봐요!', 'user2', '2023-08-29 13:21:11', '2023-09-17 10:28:54'),
	(194, 93, '경리단길의 특별한 순간을 기록해봤어요!', 'user6', '2023-09-17 14:53:57', '2023-09-17 08:24:56'),
	(195, 95, '시장에서 맛있는 음식을 먹었어요!', 'user1', '2023-08-19 18:15:13', '2023-08-26 02:43:58'),
	(196, 95, '홍대에서의 활기찬 분위기를 느낄 수 있었어요!', 'user2', '2023-09-27 00:52:59', '2023-09-02 06:20:38'),
	(197, 97, '도시의 뷰를 즐겼어요!', 'user4', '2023-08-27 00:11:45', '2023-09-06 12:47:02'),
	(198, 97, '명동의 쇼핑은 최고였어요!', 'user6', '2023-09-25 03:04:49', '2023-08-30 14:16:49'),
	(199, 97, '홍대에서의 활기찬 분위기를 느낄 수 있었어요!', 'user4', '2023-09-26 05:53:31', '2023-10-28 03:27:57'),
	(200, 97, '또 다른 관점에서 본 리뷰네요!', 'admin', '2023-08-25 22:24:57', '2023-10-13 07:13:07'),
	(201, 100, '시장에서 맛있는 음식을 먹었어요!', 'admin', '2023-10-01 22:54:59', '2023-10-14 04:09:27'),
	(202, 1, '홍대에서의 활기찬 분위기를 느낄 수 있었어요!', 'user2', '2023-09-13 09:35:18', '2023-09-16 02:15:39'),
	(203, 2, '청계천을 따라 산책하며 여유를 느꼈어요.', 'user1', '2023-09-24 04:31:47', '2023-09-26 07:15:30'),
	(204, 3, '시장에서 맛있는 음식을 먹었어요!', 'user5', '2023-09-19 22:05:46', '2023-09-03 15:39:26'),
	(205, 4, '시장에서 맛있는 음식을 먹었어요!', 'user6', '2023-09-23 20:20:03', '2023-08-17 23:33:46'),
	(206, 4, '홍대에서의 활기찬 분위기를 느낄 수 있었어요!', 'user2', '2023-09-26 06:41:01', '2023-10-18 03:36:23'),
	(207, 5, '청계천을 따라 산책하며 여유를 느꼈어요.', 'user5', '2023-10-08 04:51:24', '2023-09-22 13:08:32'),
	(208, 6, '좋은 글 감사합니다!', 'user1', '2023-08-15 15:43:34', '2023-10-15 21:44:44'),
	(209, 8, '또 다른 관점에서 본 리뷰네요!', 'user5', '2023-10-23 12:58:32', '2023-09-18 01:11:13'),
	(210, 10, '명동의 쇼핑은 최고였어요!', 'user5', '2023-09-09 05:49:04', '2023-09-07 12:44:20'),
	(211, 10, '경리단길의 특별한 순간을 기록해봤어요!', 'user3', '2023-09-02 01:18:28', '2023-08-15 02:35:47'),
	(212, 14, '경리단길의 특별한 순간을 기록해봤어요!', 'user4', '2023-09-29 02:20:17', '2023-08-26 22:31:21'),
	(213, 14, '홍대에서의 활기찬 분위기를 느낄 수 있었어요!', 'user1', '2023-08-25 04:12:49', '2023-10-01 19:55:52'),
	(214, 17, '인사동에서의 산책이 즐거웠나봐요!', 'admin', '2023-10-14 14:40:38', '2023-10-15 01:15:49'),
	(215, 17, '한옥마을에서의 추억이 담긴 글이네요.', 'admin', '2023-10-16 09:36:32', '2023-10-22 01:08:07'),
	(216, 17, '청계천을 따라 산책하며 여유를 느꼈어요.', 'user4', '2023-08-23 18:53:02', '2023-10-22 10:17:43'),
	(217, 18, '명동의 쇼핑은 최고였어요!', 'user5', '2023-09-21 23:46:23', '2023-08-28 07:22:01'),
	(218, 18, '시장에서 맛있는 음식을 먹었어요!', 'user4', '2023-10-29 05:05:59', '2023-08-28 06:35:45'),
	(219, 19, '또 다른 관점에서 본 리뷰네요!', 'user4', '2023-10-14 02:04:19', '2023-08-18 13:16:03'),
	(220, 19, '한옥마을에서의 추억이 담긴 글이네요.', 'user2', '2023-08-20 06:25:22', '2023-10-23 01:21:03'),
	(221, 20, '명동의 쇼핑은 최고였어요!', 'admin', '2023-10-10 02:09:20', '2023-09-19 16:17:19'),
	(222, 20, '또 다른 관점에서 본 리뷰네요!', 'user5', '2023-08-24 05:08:48', '2023-09-18 22:37:44'),
	(223, 21, '청계천을 따라 산책하며 여유를 느꼈어요.', 'user1', '2023-08-25 21:40:03', '2023-10-09 16:36:41'),
	(224, 21, '또 다른 관점에서 본 리뷰네요!', 'user3', '2023-08-28 13:28:04', '2023-10-13 16:32:25'),
	(225, 22, '도시의 뷰를 즐겼어요!', 'user5', '2023-10-01 00:32:01', '2023-10-02 21:00:46'),
	(226, 22, '좋은 글 감사합니다!', 'user4', '2023-08-29 08:27:45', '2023-08-23 15:05:21'),
	(227, 23, '도시의 뷰를 즐겼어요!', 'user2', '2023-08-13 14:06:15', '2023-09-20 05:01:17'),
	(228, 23, '한옥마을에서의 추억이 담긴 글이네요.', 'user3', '2023-10-03 18:00:15', '2023-08-24 16:44:24'),
	(229, 27, '인사동에서의 산책이 즐거웠나봐요!', 'user4', '2023-09-01 14:43:42', '2023-09-01 18:30:47'),
	(230, 28, '청계천을 따라 산책하며 여유를 느꼈어요.', 'user3', '2023-09-19 05:40:45', '2023-09-04 13:46:05'),
	(231, 29, '좋은 글 감사합니다!', 'user4', '2023-08-29 06:52:35', '2023-09-06 10:53:46'),
	(232, 31, '인사동에서의 산책이 즐거웠나봐요!', 'user1', '2023-09-24 00:04:20', '2023-09-29 07:45:36'),
	(233, 32, '경리단길의 특별한 순간을 기록해봤어요!', 'user1', '2023-08-14 15:07:59', '2023-10-29 08:05:31'),
	(234, 32, '또 다른 관점에서 본 리뷰네요!', 'user2', '2023-08-31 22:42:40', '2023-10-03 10:09:33'),
	(235, 36, '도시의 뷰를 즐겼어요!', 'user2', '2023-09-24 18:08:10', '2023-08-15 15:42:07'),
	(236, 37, '좋은 글 감사합니다!', 'admin', '2023-09-23 04:16:17', '2023-08-31 22:59:59'),
	(237, 38, '경리단길의 특별한 순간을 기록해봤어요!', 'user5', '2023-09-26 17:11:14', '2023-09-20 12:55:11'),
	(238, 38, '한옥마을에서의 추억이 담긴 글이네요.', 'admin', '2023-09-28 12:51:27', '2023-09-23 11:47:42'),
	(239, 39, '한옥마을에서의 추억이 담긴 글이네요.', 'user5', '2023-09-02 04:02:56', '2023-10-30 04:46:24'),
	(240, 40, '도시의 뷰를 즐겼어요!', 'user3', '2023-10-07 02:04:59', '2023-08-22 03:55:47'),
	(241, 41, '인사동에서의 산책이 즐거웠나봐요!', 'user5', '2023-09-19 09:13:20', '2023-10-24 08:50:06'),
	(242, 42, '인사동에서의 산책이 즐거웠나봐요!', 'user3', '2023-09-06 22:55:14', '2023-09-17 15:33:39'),
	(243, 44, '청계천을 따라 산책하며 여유를 느꼈어요.', 'user5', '2023-08-26 07:05:05', '2023-09-15 11:27:53'),
	(244, 45, '명동의 쇼핑은 최고였어요!', 'user6', '2023-10-22 06:09:47', '2023-10-04 02:09:43'),
	(245, 46, '경리단길의 특별한 순간을 기록해봤어요!', 'user4', '2023-08-29 13:25:08', '2023-09-12 15:57:35'),
	(246, 46, '명동의 쇼핑은 최고였어요!', 'user6', '2023-10-29 05:43:38', '2023-10-22 20:08:43'),
	(247, 47, '홍대에서의 활기찬 분위기를 느낄 수 있었어요!', 'user2', '2023-10-11 02:58:00', '2023-10-15 00:02:01'),
	(248, 49, '도시의 뷰를 즐겼어요!', 'admin', '2023-10-30 19:49:57', '2023-10-08 05:32:43'),
	(249, 51, '인사동에서의 산책이 즐거웠나봐요!', 'user3', '2023-09-29 14:17:14', '2023-10-18 15:24:37'),
	(250, 51, '홍대에서의 활기찬 분위기를 느낄 수 있었어요!', 'admin', '2023-09-25 21:29:40', '2023-10-10 02:12:32'),
	(251, 54, '또 다른 관점에서 본 리뷰네요!', 'user1', '2023-10-21 10:26:55', '2023-09-10 21:40:12'),
	(252, 55, '도시의 뷰를 즐겼어요!', 'user3', '2023-09-21 05:16:45', '2023-08-18 06:18:31'),
	(253, 56, '명동의 쇼핑은 최고였어요!', 'user4', '2023-09-12 17:35:31', '2023-09-07 10:48:23'),
	(254, 56, '시장에서 맛있는 음식을 먹었어요!', 'user3', '2023-09-12 19:36:23', '2023-09-28 20:33:07'),
	(255, 56, '명동의 쇼핑은 최고였어요!', 'admin', '2023-10-03 23:47:41', '2023-08-21 07:07:03'),
	(256, 57, '한옥마을에서의 추억이 담긴 글이네요.', 'user5', '2023-08-27 03:13:01', '2023-09-28 05:04:05'),
	(257, 57, '청계천을 따라 산책하며 여유를 느꼈어요.', 'user4', '2023-09-25 03:26:35', '2023-10-29 16:05:07'),
	(258, 57, '도시의 뷰를 즐겼어요!', 'user5', '2023-10-10 23:44:35', '2023-09-16 17:09:21'),
	(259, 59, '좋은 글 감사합니다!', 'admin', '2023-10-12 13:05:41', '2023-09-22 21:03:12'),
	(260, 59, '명동의 쇼핑은 최고였어요!', 'user6', '2023-10-23 00:13:00', '2023-10-04 18:21:59'),
	(261, 59, '인사동에서의 산책이 즐거웠나봐요!', 'user2', '2023-09-11 03:07:16', '2023-10-21 00:30:33'),
	(262, 61, '인사동에서의 산책이 즐거웠나봐요!', 'user3', '2023-09-21 10:26:48', '2023-08-24 02:22:59'),
	(263, 61, '청계천을 따라 산책하며 여유를 느꼈어요.', 'admin', '2023-09-07 06:23:02', '2023-09-22 14:50:15'),
	(264, 61, '도시의 뷰를 즐겼어요!', 'user1', '2023-10-26 16:10:02', '2023-10-07 17:27:26'),
	(265, 62, '청계천을 따라 산책하며 여유를 느꼈어요.', 'user5', '2023-08-24 01:09:13', '2023-09-20 17:04:28'),
	(266, 62, '좋은 글 감사합니다!', 'user2', '2023-09-20 07:56:50', '2023-09-30 01:21:52'),
	(267, 62, '인사동에서의 산책이 즐거웠나봐요!', 'user4', '2023-09-26 05:52:28', '2023-09-02 07:17:15'),
	(268, 62, '청계천을 따라 산책하며 여유를 느꼈어요.', 'user1', '2023-09-10 05:56:40', '2023-09-08 13:02:21'),
	(269, 63, '한옥마을에서의 추억이 담긴 글이네요.', 'user6', '2023-08-30 15:49:08', '2023-09-04 11:11:18'),
	(270, 63, '경리단길의 특별한 순간을 기록해봤어요!', 'user2', '2023-09-19 02:32:12', '2023-10-05 07:32:32'),
	(271, 64, '좋은 글 감사합니다!', 'user3', '2023-09-29 05:34:28', '2023-10-15 06:39:46'),
	(272, 65, '명동의 쇼핑은 최고였어요!', 'user1', '2023-08-13 10:09:04', '2023-10-02 19:12:04'),
	(273, 67, '시장에서 맛있는 음식을 먹었어요!', 'user6', '2023-09-18 01:49:59', '2023-09-12 10:18:12'),
	(274, 68, '시장에서 맛있는 음식을 먹었어요!', 'user3', '2023-09-12 06:25:45', '2023-09-25 11:40:42'),
	(275, 69, '경리단길의 특별한 순간을 기록해봤어요!', 'user2', '2023-09-27 05:44:11', '2023-08-15 18:49:02'),
	(276, 70, '도시의 뷰를 즐겼어요!', 'user4', '2023-08-22 12:25:09', '2023-10-08 15:50:51'),
	(277, 70, '홍대에서의 활기찬 분위기를 느낄 수 있었어요!', 'user1', '2023-10-26 18:39:59', '2023-09-18 09:54:15'),
	(278, 71, '홍대에서의 활기찬 분위기를 느낄 수 있었어요!', 'user5', '2023-10-01 04:16:50', '2023-08-13 02:38:28'),
	(279, 73, '시장에서 맛있는 음식을 먹었어요!', 'user1', '2023-10-17 01:55:20', '2023-08-15 08:23:48'),
	(280, 73, '또 다른 관점에서 본 리뷰네요!', 'user6', '2023-09-23 08:19:42', '2023-10-09 13:45:24'),
	(281, 75, '홍대에서의 활기찬 분위기를 느낄 수 있었어요!', 'user3', '2023-10-21 08:15:56', '2023-09-04 19:08:11'),
	(282, 75, '경리단길의 특별한 순간을 기록해봤어요!', 'user6', '2023-08-29 01:46:40', '2023-08-17 17:51:32'),
	(283, 76, '한옥마을에서의 추억이 담긴 글이네요.', 'user2', '2023-09-29 19:40:57', '2023-08-31 17:51:05'),
	(284, 77, '좋은 글 감사합니다!', 'user2', '2023-09-25 09:27:51', '2023-08-21 14:42:38'),
	(285, 78, '인사동에서의 산책이 즐거웠나봐요!', 'user5', '2023-10-20 11:28:40', '2023-10-18 03:18:40'),
	(286, 80, '시장에서 맛있는 음식을 먹었어요!', 'user4', '2023-09-14 10:01:48', '2023-09-01 18:50:16'),
	(287, 81, '홍대에서의 활기찬 분위기를 느낄 수 있었어요!', 'user3', '2023-10-19 23:06:10', '2023-10-19 18:13:17'),
	(288, 84, '경리단길의 특별한 순간을 기록해봤어요!', 'user4', '2023-09-22 04:41:29', '2023-10-01 17:35:35'),
	(289, 85, '또 다른 관점에서 본 리뷰네요!', 'user6', '2023-09-16 22:18:25', '2023-09-21 18:00:49'),
	(290, 85, '명동의 쇼핑은 최고였어요!', 'admin', '2023-09-26 10:55:06', '2023-10-11 19:46:08'),
	(291, 86, '한옥마을에서의 추억이 담긴 글이네요.', 'user1', '2023-10-25 07:46:52', '2023-09-28 15:06:25'),
	(292, 90, '좋은 글 감사합니다!', 'user1', '2023-08-16 07:20:05', '2023-10-22 22:04:01'),
	(293, 92, '또 다른 관점에서 본 리뷰네요!', 'user1', '2023-10-15 12:25:54', '2023-10-19 07:57:15'),
	(294, 93, '시장에서 맛있는 음식을 먹었어요!', 'user5', '2023-10-19 00:46:33', '2023-10-18 11:59:16'),
	(295, 94, '시장에서 맛있는 음식을 먹었어요!', 'user3', '2023-09-05 10:31:34', '2023-09-14 13:16:26'),
	(296, 95, '좋은 글 감사합니다!', 'user4', '2023-09-03 20:00:22', '2023-09-20 16:18:26'),
	(297, 96, '도시의 뷰를 즐겼어요!', 'user3', '2023-10-24 09:58:51', '2023-08-28 05:36:24'),
	(298, 97, '홍대에서의 활기찬 분위기를 느낄 수 있었어요!', 'user5', '2023-08-31 16:00:30', '2023-10-21 14:11:36'),
	(299, 97, '경리단길의 특별한 순간을 기록해봤어요!', 'user1', '2023-08-25 09:48:45', '2023-09-17 09:47:41'),
	(300, 99, '한옥마을에서의 추억이 담긴 글이네요.', 'user3', '2023-09-07 05:46:59', '2023-09-05 23:55:48'),
	(301, 100, '또 다른 관점에서 본 리뷰네요!', 'user5', '2023-10-12 11:52:59', '2023-09-14 00:26:15');

-- 테이블 userboard.local 구조 내보내기
CREATE TABLE IF NOT EXISTS `local` (
  `local_name` varchar(50) NOT NULL,
  `createdate` datetime NOT NULL,
  `updatedate` datetime NOT NULL,
  PRIMARY KEY (`local_name`)
) ENGINE=InnoDB DEFAULT CHARSET=utf8;

-- 테이블 데이터 userboard.local:~10 rows (대략적) 내보내기
DELETE FROM `local`;
INSERT INTO `local` (`local_name`, `createdate`, `updatedate`) VALUES
	('경리단길', '2023-08-13 20:54:31', '2023-08-13 20:54:31'),
	('경복궁', '2023-08-13 20:54:31', '2023-08-13 20:54:31'),
	('광장시장', '2023-08-13 20:54:31', '2023-08-13 20:54:31'),
	('남산 서울타워', '2023-08-13 20:54:31', '2023-08-13 20:54:31'),
	('명동', '2023-08-13 20:54:31', '2023-08-13 20:54:31'),
	('북촌 한옥마을', '2023-08-13 20:54:31', '2023-08-13 20:54:31'),
	('인사동', '2023-08-13 20:54:31', '2023-08-13 20:54:31'),
	('창덕궁', '2023-08-13 20:54:31', '2023-08-13 20:54:31'),
	('청계천', '2023-08-13 20:54:31', '2023-08-13 20:54:31'),
	('홍대', '2023-08-13 20:54:31', '2023-08-13 20:54:31');

-- 테이블 userboard.member 구조 내보내기
CREATE TABLE IF NOT EXISTS `member` (
  `member_id` varchar(50) NOT NULL,
  `member_pw` varchar(50) NOT NULL,
  `createdate` date NOT NULL,
  `updatedate` date NOT NULL,
  PRIMARY KEY (`member_id`)
) ENGINE=InnoDB DEFAULT CHARSET=utf8;

-- 테이블 데이터 userboard.member:~7 rows (대략적) 내보내기
DELETE FROM `member`;
INSERT INTO `member` (`member_id`, `member_pw`, `createdate`, `updatedate`) VALUES
	('admin', '*A4B6157319038724E3560894F7F932C8886EBFCF', '2023-05-02', '2023-05-02'),
	('user1', '*A4B6157319038724E3560894F7F932C8886EBFCF', '2023-05-03', '2023-05-03'),
	('user2', '*A4B6157319038724E3560894F7F932C8886EBFCF', '2023-05-03', '2023-05-03'),
	('user3', '*A4B6157319038724E3560894F7F932C8886EBFCF', '2023-05-03', '2023-05-03'),
	('user4', '*A4B6157319038724E3560894F7F932C8886EBFCF', '2023-05-03', '2023-05-03'),
	('user5', '*A4B6157319038724E3560894F7F932C8886EBFCF', '2023-05-03', '2023-05-03'),
	('user6', '*A4B6157319038724E3560894F7F932C8886EBFCF', '2023-07-30', '2023-07-30');

/*!40103 SET TIME_ZONE=IFNULL(@OLD_TIME_ZONE, 'system') */;
/*!40101 SET SQL_MODE=IFNULL(@OLD_SQL_MODE, '') */;
/*!40014 SET FOREIGN_KEY_CHECKS=IFNULL(@OLD_FOREIGN_KEY_CHECKS, 1) */;
/*!40101 SET CHARACTER_SET_CLIENT=@OLD_CHARACTER_SET_CLIENT */;
/*!40111 SET SQL_NOTES=IFNULL(@OLD_SQL_NOTES, 1) */;
